{
  "kerbsideId": 10898,
  "generatedAt": "2025-08-12T02:06:44.118439+10:00",
  "startTime": "2025-08-12T03:00:00+10:00",
  "stepHours": 1,
  "points": [
    {
      "timeISO": "2025-08-12T03:00:00+10:00",
      "prob": null
    },
    {
      "timeISO": "2025-08-12T04:00:00+10:00",
      "prob": null
    },
    {
      "timeISO": "2025-08-12T05:00:00+10:00",
      "prob": null
    },
    {
      "timeISO": "2025-08-12T06:00:00+10:00",
      "prob": null
    },
    {
      "timeISO": "2025-08-12T07:00:00+10:00",
      "prob": null
    },
    {
      "timeISO": "2025-08-12T08:00:00+10:00",
      "prob": null
    },
    {
      "timeISO": "2025-08-12T09:00:00+10:00",
      "prob": null
    },
    {
      "timeISO": "2025-08-12T10:00:00+10:00",
      "prob": null
    },
    {
      "timeISO": "2025-08-12T11:00:00+10:00",
      "prob": null
    },
    {
      "timeISO": "2025-08-12T12:00:00+10:00",
      "prob": null
    },
    {
      "timeISO": "2025-08-12T13:00:00+10:00",
      "prob": null
    },
    {
      "timeISO": "2025-08-12T14:00:00+10:00",
      "prob": null
    },
    {
      "timeISO": "2025-08-12T15:00:00+10:00",
      "prob": null
    }
  ]
}